{"title":"Mohammad Hoseini","markdown":{"yaml":{"title":"Mohammad Hoseini","image":"photo1.jpg","about":{"template":"trestles","image-shape":"round","image-width":"23em","links":[{"text":"Meeting","href":"https://calendly.com/hoseini"},{"text":"Email","href":"mailto:m.hoseini@teias.institute"}]}},"containsRefs":false,"markdown":"\n\nI am an associate professor of economics affiliated to Institute for Management and Planning Studies and Tehran Institute for Advanced Studies.\n\nI obtained my PhD in Economics from Tilburg University, the Netherlands.\n\n[Download CV](https://www.dropbox.com/s/m5351n8skehc5mx/CV_Hoseini.pdf?dl=0)\n"},"formats":{"html":{"execute":{"fig-width":7,"fig-height":5,"fig-format":"retina","fig-dpi":96,"df-print":"default","error":false,"eval":true,"cache":null,"freeze":false,"echo":true,"output":true,"warning":true,"include":true,"keep-md":false,"keep-ipynb":false,"ipynb":null,"enabled":null,"daemon":null,"daemon-restart":false,"debug":false,"ipynb-filters":[],"engine":"markdown"},"render":{"keep-tex":false,"keep-source":false,"keep-hidden":false,"prefer-html":false,"output-divs":true,"output-ext":"html","fig-align":"default","fig-pos":null,"fig-env":null,"code-fold":"none","code-overflow":"scroll","code-link":false,"code-line-numbers":false,"code-tools":false,"tbl-colwidths":"auto","merge-includes":true,"latex-auto-mk":true,"latex-auto-install":true,"latex-clean":true,"latex-max-runs":10,"latex-makeindex":"makeindex","latex-makeindex-opts":[],"latex-tlmgr-opts":[],"latex-input-paths":[],"latex-output-dir":null,"link-external-icon":false,"link-external-newwindow":false,"self-contained-math":false,"format-resources":[]},"pandoc":{"standalone":true,"wrap":"none","default-image-extension":"png","to":"html","css":["styles.css"],"toc":true,"output-file":"index.html"},"language":{},"metadata":{"lang":"en","fig-responsive":true,"quarto-version":"1.2.313","editor":"visual","theme":"flatly","title":"Mohammad Hoseini","image":"photo1.jpg","about":{"template":"trestles","image-shape":"round","image-width":"23em","links":[{"text":"Meeting","href":"https://calendly.com/hoseini"},{"text":"Email","href":"mailto:m.hoseini@teias.institute"}]}},"extensions":{"book":{"multiFile":true}}}}}