{"title":"Teaching","markdown":{"yaml":{"title":"Teaching"},"headingText":"Econometrics (Spring 2023)","containsRefs":false,"markdown":"\n\n- [Introduction](https://www.dropbox.com/s/wm88x6fyx763ol1/Lecture%201-%20introduction.pdf?dl=0)\n- [Causality](https://www.dropbox.com/s/h2wb9zum1ilybuz/Lecture%202%20-%20Causality.pdf?dl=0)\n- [Regression Basics](https://www.dropbox.com/s/wcyjzxxppohamvg/Lecture%203%20-%20Regression.pdf?dl=0)\n- [Maximum Likelihood](https://www.dropbox.com/s/gb3ty4o41x3n2uv/Lecture%204%20-%20MLL.pdf?dl=0)\n- [Generalized Method of Moments](https://www.dropbox.com/s/ihnrztkmka880bb/Lecture%205%20-%20GMM.pdf?dl=0)\n- [Discrete Choice Models](https://www.dropbox.com/s/w9iczoqy5rmexdm/Lecture%206%20-%20Binary%20choice.pdf?dl=0)\n- [Panel Data](https://www.dropbox.com/s/ie3ax9pdn70ct6e/Lecture%207%20-%20Panel%20data.pdf?dl=0)\n- [Selection Problem & Randomized Experiments](https://www.dropbox.com/s/8kmmeimke5bs6sa/Lecture%208%20-%20Selection%20bias%2C%20experiments.pdf?dl=0)\n- [Regression and Causality](https://www.dropbox.com/s/9t1ho9ykwlarf5c/Lecture%209%20-%20Regression%20and%20causality.pdf?dl=0)\n- [Matching](https://www.dropbox.com/s/d36fy1k0bfdjup6/Lecture%2010%20-%20Matching.pdf?dl=0)\n- [Instrumental Variable](https://www.dropbox.com/s/0xl1x9rm6eqtn3b/Lecture%2011%20-%20IV.pdf?dl=0)\n- [Difference-in-difference](https://www.dropbox.com/s/5hlprcjirtyuza3/Lecture%2012%20-%20DID.pdf?dl=0)\n- [Regression Discountinuity Design](https://www.dropbox.com/s/vp1blq2itj8957c/Lecture%2013%20-%20RD.pdf?dl=0)\n\n"},"formats":{"html":{"execute":{"fig-width":7,"fig-height":5,"fig-format":"retina","fig-dpi":96,"df-print":"default","error":false,"eval":true,"cache":null,"freeze":false,"echo":true,"output":true,"warning":true,"include":true,"keep-md":false,"keep-ipynb":false,"ipynb":null,"enabled":null,"daemon":null,"daemon-restart":false,"debug":false,"ipynb-filters":[],"engine":"markdown"},"render":{"keep-tex":false,"keep-source":false,"keep-hidden":false,"prefer-html":false,"output-divs":true,"output-ext":"html","fig-align":"default","fig-pos":null,"fig-env":null,"code-fold":"none","code-overflow":"scroll","code-link":false,"code-line-numbers":false,"code-tools":false,"tbl-colwidths":"auto","merge-includes":true,"latex-auto-mk":true,"latex-auto-install":true,"latex-clean":true,"latex-max-runs":10,"latex-makeindex":"makeindex","latex-makeindex-opts":[],"latex-tlmgr-opts":[],"latex-input-paths":[],"latex-output-dir":null,"link-external-icon":false,"link-external-newwindow":false,"self-contained-math":false,"format-resources":[]},"pandoc":{"standalone":true,"wrap":"none","default-image-extension":"png","to":"html","css":["styles.css"],"toc":true,"output-file":"teaching.html"},"language":{},"metadata":{"lang":"en","fig-responsive":true,"quarto-version":"1.2.313","editor":"visual","theme":"flatly","title":"Teaching"},"extensions":{"book":{"multiFile":true}}}}}